"Line","Grade","Product standard & edition","Condition","Thickness (mm)","Width (mm)","Length (mm)","Quantity (pieces)","Drawing / tolerance","Finish / sample","Site exposure","Document / inspection","Destination","Delivery basis","Requested schedule","Notes"
"1","","","","","","","","","","","","","","",""
"2","","","","","","","","","","","","","","",""
"3","","","","","","","","","","","","","","",""
"4","","","","","","","","","","","","","","",""
"5","","","","","","","","","","","","","","",""
"6","","","","","","","","","","","","","","",""
"7","","","","","","","","","","","","","","",""
"8","","","","","","","","","","","","","","",""
"9","","","","","","","","","","","","","","",""
"10","","","","","","","","","","","","","","",""